Deciles,pred_sales,Sales_in_thousands
9,155.14426974769256,163.14087636363635
8,62.61793343807677,88.87954545454545
7,42.037245994116525,58.38290909090909
6,35.30927538230951,44.29172727272727
5,31.61069801048912,31.4099
4,28.468389759922186,42.87729818181819
3,24.267185990993358,35.32409090909091
2,18.609284051015802,22.689636363636364
1,13.192045079027263,18.47818181818182
0,6.236280017920252,7.567363636363638
