Deciles,pred_sales,Sales_in_thousands
9,149.38196778236903,96.3816
8,50.161219781047755,68.033
7,38.87493842394598,86.92440000000002
6,35.440254571106465,41.33475
5,31.653931495795895,84.25919999999999
4,27.489236970267427,43.486000000000004
3,22.001388545557184,32.55925
2,15.482482314271294,26.987000000000002
1,6.777730808132719,13.0626
0,2.5321017051927823,4.447456000000001
